"LogLikelihood","AIC","BIC","Metodo"
-137.118786715588,312.237573431176,395.905483191938,"AIC"
