"LogLikelihood","AIC","BIC","Metodo"
-155.78985609668,329.579712193361,369.211879974774,"BIC"
